{
  "sample_count": 500,
  "overall": {
    "ser": 0.10776573797915477,
    "pitch_accuracy": 0.8843389606487414,
    "rhythm_accuracy": 0.9470863945860027,
    "note_event_accuracy": 0.8740114044392286,
    "note_event_f1": 0.9016470635547003,
    "onset_accuracy": 0.8718881535679015,
    "onset_f1": 0.9079434028497849,
    "chord_note_f1": 0.9733598837210219,
    "accidental_accuracy": 0.9385206303568587,
    "measure_balance_rate": 0.7387341546785535,
    "metadata_presence_rate": 1.0,
    "voice_assignment_accuracy": 0.9971297664521726,
    "key_time_accuracy": 0.964,
    "structural_f1": 0.967032517078884,
    "quality": {
      "score": 80.87971728942473,
      "rating": "good",
      "is_good": true,
      "penalty_factor": 0.9,
      "base_score": 89.86635254380526,
      "score_components": {
        "ser_accuracy": 0.8922342620208452,
        "note_event_accuracy": 0.8740114044392286,
        "note_event_f1": 0.9016470635547003,
        "onset_accuracy": 0.8718881535679015,
        "onset_f1": 0.9079434028497849,
        "chord_note_f1": 0.9733598837210219,
        "accidental_accuracy": 0.9385206303568587,
        "measure_balance_rate": 0.7387341546785535,
        "metadata_presence_rate": 1.0,
        "voice_assignment_accuracy": 0.9971297664521726,
        "pitch_accuracy": 0.8843389606487414,
        "rhythm_accuracy": 0.9470863945860027,
        "key_time_accuracy": 0.964,
        "structural_f1": 0.967032517078884
      }
    }
  },
  "overall_quality": {
    "score": 80.87971728942473,
    "rating": "good",
    "is_good": true,
    "penalty_factor": 0.9,
    "base_score": 89.86635254380526,
    "score_components": {
      "ser_accuracy": 0.8922342620208452,
      "note_event_accuracy": 0.8740114044392286,
      "note_event_f1": 0.9016470635547003,
      "onset_accuracy": 0.8718881535679015,
      "onset_f1": 0.9079434028497849,
      "chord_note_f1": 0.9733598837210219,
      "accidental_accuracy": 0.9385206303568587,
      "measure_balance_rate": 0.7387341546785535,
      "metadata_presence_rate": 1.0,
      "voice_assignment_accuracy": 0.9971297664521726,
      "pitch_accuracy": 0.8843389606487414,
      "rhythm_accuracy": 0.9470863945860027,
      "key_time_accuracy": 0.964,
      "structural_f1": 0.967032517078884
    }
  },
  "by_dataset": {
    "cameraprimus_systems": {
      "ser": 0.1037247751584533,
      "pitch_accuracy": 0.9163181968241093,
      "rhythm_accuracy": 0.9466638346972895,
      "note_event_accuracy": 0.9076126082160519,
      "note_event_f1": 0.9331584839503866,
      "onset_accuracy": 0.830210992619071,
      "onset_f1": 0.8736728202402628,
      "chord_note_f1": 1.0,
      "accidental_accuracy": 0.9536255335512658,
      "measure_balance_rate": 0.709362151988509,
      "metadata_presence_rate": 1.0,
      "voice_assignment_accuracy": 1.0,
      "key_time_accuracy": 0.9533678756476683,
      "structural_f1": 0.9560675349491846,
      "quality": {
        "score": 81.58948345891365,
        "rating": "good",
        "is_good": true,
        "penalty_factor": 0.9,
        "base_score": 90.65498162101517,
        "score_components": {
          "ser_accuracy": 0.8962752248415466,
          "note_event_accuracy": 0.9076126082160519,
          "note_event_f1": 0.9331584839503866,
          "onset_accuracy": 0.830210992619071,
          "onset_f1": 0.8736728202402628,
          "chord_note_f1": 1.0,
          "accidental_accuracy": 0.9536255335512658,
          "measure_balance_rate": 0.709362151988509,
          "metadata_presence_rate": 1.0,
          "voice_assignment_accuracy": 1.0,
          "pitch_accuracy": 0.9163181968241093,
          "rhythm_accuracy": 0.9466638346972895,
          "key_time_accuracy": 0.9533678756476683,
          "structural_f1": 0.9560675349491846
        }
      }
    },
    "primus_systems": {
      "ser": 0.14908529605150433,
      "pitch_accuracy": 0.8292858782522934,
      "rhythm_accuracy": 0.9309021203474717,
      "note_event_accuracy": 0.8107096693379761,
      "note_event_f1": 0.8476744303431017,
      "onset_accuracy": 0.8631283232864794,
      "onset_f1": 0.9033162741468485,
      "chord_note_f1": 1.0,
      "accidental_accuracy": 0.9094990736595081,
      "measure_balance_rate": 0.6945764138709214,
      "metadata_presence_rate": 1.0,
      "voice_assignment_accuracy": 1.0,
      "key_time_accuracy": 0.9747474747474747,
      "structural_f1": 0.9647202805196134,
      "quality": {
        "score": 77.88477245952662,
        "rating": "usable",
        "is_good": false,
        "penalty_factor": 0.9,
        "base_score": 86.53863606614068,
        "score_components": {
          "ser_accuracy": 0.8509147039484957,
          "note_event_accuracy": 0.8107096693379761,
          "note_event_f1": 0.8476744303431017,
          "onset_accuracy": 0.8631283232864794,
          "onset_f1": 0.9033162741468485,
          "chord_note_f1": 1.0,
          "accidental_accuracy": 0.9094990736595081,
          "measure_balance_rate": 0.6945764138709214,
          "metadata_presence_rate": 1.0,
          "voice_assignment_accuracy": 1.0,
          "pitch_accuracy": 0.8292858782522934,
          "rhythm_accuracy": 0.9309021203474717,
          "key_time_accuracy": 0.9747474747474747,
          "structural_f1": 0.9647202805196134
        }
      }
    },
    "grandstaff_systems": {
      "ser": 0.03986329142933983,
      "pitch_accuracy": 0.927719857278564,
      "rhythm_accuracy": 0.9772335538314227,
      "note_event_accuracy": 0.9295041679357523,
      "note_event_f1": 0.9438936437338655,
      "onset_accuracy": 0.9615958458508912,
      "onset_f1": 0.9770295856646397,
      "chord_note_f1": 0.8777976317478071,
      "accidental_accuracy": 0.9644933084261696,
      "measure_balance_rate": 0.8709546060463492,
      "metadata_presence_rate": 1.0,
      "voice_assignment_accuracy": 0.9868337910650121,
      "key_time_accuracy": 0.963302752293578,
      "structural_f1": 0.9906477867097795,
      "quality": {
        "score": 94.51481539404458,
        "rating": "excellent",
        "is_good": true,
        "penalty_factor": 1.0,
        "base_score": 94.51481539404458,
        "score_components": {
          "ser_accuracy": 0.9601367085706601,
          "note_event_accuracy": 0.9295041679357523,
          "note_event_f1": 0.9438936437338655,
          "onset_accuracy": 0.9615958458508912,
          "onset_f1": 0.9770295856646397,
          "chord_note_f1": 0.8777976317478071,
          "accidental_accuracy": 0.9644933084261696,
          "measure_balance_rate": 0.8709546060463492,
          "metadata_presence_rate": 1.0,
          "voice_assignment_accuracy": 0.9868337910650121,
          "pitch_accuracy": 0.927719857278564,
          "rhythm_accuracy": 0.9772335538314227,
          "key_time_accuracy": 0.963302752293578,
          "structural_f1": 0.9906477867097795
        }
      }
    }
  },
  "musicxml_validity_rate": 1.0,
  "musical_samples": 0,
  "musical_precision": null,
  "musical_recall": null,
  "musical_f1": null,
  "musical_overlap": null,
  "musical_onset_precision": null,
  "musical_onset_recall": null,
  "musical_onset_f1": null,
  "checkpoint": "C:\\Users\\Jonathan Wesely\\Clarity-OMR-Train-RADIO\\checkpoints\\full_radio_stage2_systems_v2\\stage2-radio-systems-polyphonic_best.pt",
  "token_manifest": "C:\\Users\\Jonathan Wesely\\Clarity-OMR-Train-RADIO\\src\\data\\manifests\\token_manifest_stage3.jsonl",
  "split": "test",
  "samples_requested": 500,
  "samples_used": 500,
  "stage_b_inference": {
    "input_crops": 500,
    "predictions_written": 500,
    "output_predictions": "C:\\Users\\Jonathan Wesely\\Clarity-OMR-Train-RADIO\\src\\eval\\checkpoint_eval\\stageb_eval_predictions_raw.jsonl",
    "checkpoint": "C:\\Users\\Jonathan Wesely\\Clarity-OMR-Train-RADIO\\checkpoints\\full_radio_stage2_systems_v2\\stage2-radio-systems-polyphonic_best.pt",
    "checkpoint_format": "dora_peft",
    "device": "cuda",
    "missing_keys": 0,
    "unexpected_keys": 8,