{
  "sample_count": 500,
  "overall": {
    "ser": 0.1639201453292313,
    "pitch_accuracy": 0.7971594990594769,
    "rhythm_accuracy": 0.903592432762943,
    "note_event_accuracy": 0.7859699394941522,
    "note_event_f1": 0.8280857635970087,
    "onset_accuracy": 0.8435909901854979,
    "onset_f1": 0.8924375460599432,
    "chord_note_f1": 0.8138578556891233,
    "accidental_accuracy": 0.8832577089077946,
    "measure_balance_rate": 0.7438349063063157,
    "metadata_presence_rate": 1.0,
    "voice_assignment_accuracy": 0.9793367305569073,
    "key_time_accuracy": 0.914,
    "structural_f1": 0.9472215122134241,
    "quality": {
      "score": 75.27054922252164,
      "rating": "usable",
      "is_good": false,
      "penalty_factor": 0.9,
      "base_score": 83.6339435805796,
      "score_components": {
        "ser_accuracy": 0.8360798546707687,
        "note_event_accuracy": 0.7859699394941522,
        "note_event_f1": 0.8280857635970087,
        "onset_accuracy": 0.8435909901854979,
        "onset_f1": 0.8924375460599432,
        "chord_note_f1": 0.8138578556891233,
        "accidental_accuracy": 0.8832577089077946,
        "measure_balance_rate": 0.7438349063063157,
        "metadata_presence_rate": 1.0,
        "voice_assignment_accuracy": 0.9793367305569073,
        "pitch_accuracy": 0.7971594990594769,
        "rhythm_accuracy": 0.903592432762943,
        "key_time_accuracy": 0.914,
        "structural_f1": 0.9472215122134241
      }
    }
  },
  "overall_quality": {
    "score": 75.27054922252164,
    "rating": "usable",
    "is_good": false,
    "penalty_factor": 0.9,
    "base_score": 83.6339435805796,
    "score_components": {
      "ser_accuracy": 0.8360798546707687,
      "note_event_accuracy": 0.7859699394941522,
      "note_event_f1": 0.8280857635970087,
      "onset_accuracy": 0.8435909901854979,
      "onset_f1": 0.8924375460599432,
      "chord_note_f1": 0.8138578556891233,
      "accidental_accuracy": 0.8832577089077946,
      "measure_balance_rate": 0.7438349063063157,
      "metadata_presence_rate": 1.0,
      "voice_assignment_accuracy": 0.9793367305569073,
      "pitch_accuracy": 0.7971594990594769,
      "rhythm_accuracy": 0.903592432762943,
      "key_time_accuracy": 0.914,
      "structural_f1": 0.9472215122134241
    }
  },
  "by_dataset": {
    "grandstaff": {
      "ser": 0.18288238824583605,
      "pitch_accuracy": 0.6870729776922516,
      "rhythm_accuracy": 0.8789795748448118,
      "note_event_accuracy": 0.6759137874390534,
      "note_event_f1": 0.7312541508181962,
      "onset_accuracy": 0.8615685001711366,
      "onset_f1": 0.9127588622474523,
      "chord_note_f1": 0.512716899709747,
      "accidental_accuracy": 0.8367236939606423,
      "measure_balance_rate": 0.7925447589060154,
      "metadata_presence_rate": 1.0,
      "voice_assignment_accuracy": 0.9459076716149403,
      "key_time_accuracy": 0.8586387434554974,
      "structural_f1": 0.9359165135572237,
      "quality": {
        "score": 69.50897768437974,
        "rating": "weak",
        "is_good": false,
        "penalty_factor": 0.9,
        "base_score": 77.23219742708861,
        "score_components": {
          "ser_accuracy": 0.817117611754164,
          "note_event_accuracy": 0.6759137874390534,
          "note_event_f1": 0.7312541508181962,
          "onset_accuracy": 0.8615685001711366,
          "onset_f1": 0.9127588622474523,
          "chord_note_f1": 0.512716899709747,
          "accidental_accuracy": 0.8367236939606423,
          "measure_balance_rate": 0.7925447589060154,
          "metadata_presence_rate": 1.0,
          "voice_assignment_accuracy": 0.9459076716149403,
          "pitch_accuracy": 0.6870729776922516,
          "rhythm_accuracy": 0.8789795748448118,
          "key_time_accuracy": 0.8586387434554974,
          "structural_f1": 0.9359165135572237
        }
      }
    },
    "primus": {
      "ser": 0.18850875075429274,
      "pitch_accuracy": 0.8301341776147133,
      "rhythm_accuracy": 0.9130684491178171,
      "note_event_accuracy": 0.8133925704378848,
      "note_event_f1": 0.853237020671567,
      "onset_accuracy": 0.8333820585121026,
      "onset_f1": 0.8835012145955267,
      "chord_note_f1": 1.0,
      "accidental_accuracy": 0.8913949300670028,
      "measure_balance_rate": 0.7190628664484874,
      "metadata_presence_rate": 1.0,
      "voice_assignment_accuracy": 1.0,
      "key_time_accuracy": 0.954248366013072,
      "structural_f1": 0.9548347961352849,
      "quality": {
        "score": 76.80470331346126,
        "rating": "usable",
        "is_good": false,
        "penalty_factor": 0.9,
        "base_score": 85.33855923717917,
        "score_components": {
          "ser_accuracy": 0.8114912492457073,
          "note_event_accuracy": 0.8133925704378848,
          "note_event_f1": 0.853237020671567,
          "onset_accuracy": 0.8333820585121026,
          "onset_f1": 0.8835012145955267,
          "chord_note_f1": 1.0,
          "accidental_accuracy": 0.8913949300670028,
          "measure_balance_rate": 0.7190628664484874,
          "metadata_presence_rate": 1.0,
          "voice_assignment_accuracy": 1.0,
          "pitch_accuracy": 0.8301341776147133,
          "rhythm_accuracy": 0.9130684491178171,
          "key_time_accuracy": 0.954248366013072,
          "structural_f1": 0.9548347961352849
        }
      }
    },
    "cameraprimus": {
      "ser": 0.1165878054118857,
      "pitch_accuracy": 0.8996043693299186,
      "rhythm_accuracy": 0.9244336209685026,
      "note_event_accuracy": 0.8938229042898751,
      "note_event_f1": 0.9219748386505072,
      "onset_accuracy": 0.8315926705622445,
      "onset_f1": 0.8763214391512347,
      "chord_note_f1": 1.0,
      "accidental_accuracy": 0.9322513115843792,
      "measure_balance_rate": 0.7084922156121173,
      "metadata_presence_rate": 1.0,
      "voice_assignment_accuracy": 1.0,
      "key_time_accuracy": 0.9423076923076923,
      "structural_f1": 0.9535960141575879,
      "quality": {
        "score": 80.82012991400454,
        "rating": "good",
        "is_good": true,
        "penalty_factor": 0.9,
        "base_score": 89.80014434889392,
        "score_components": {
          "ser_accuracy": 0.8834121945881143,
          "note_event_accuracy": 0.8938229042898751,
          "note_event_f1": 0.9219748386505072,
          "onset_accuracy": 0.8315926705622445,
          "onset_f1": 0.8763214391512347,
          "chord_note_f1": 1.0,
          "accidental_accuracy": 0.9322513115843792,
          "measure_balance_rate": 0.7084922156121173,
          "metadata_presence_rate": 1.0,
          "voice_assignment_accuracy": 1.0,
          "pitch_accuracy": 0.8996043693299186,
          "rhythm_accuracy": 0.9244336209685026,
          "key_time_accuracy": 0.9423076923076923,
          "structural_f1": 0.9535960141575879
        }
      }
    }
  },
  "musicxml_validity_rate": 1.0,
  "musical_samples": 0,
  "musical_precision": null,
  "musical_recall": null,
  "musical_f1": null,
  "musical_overlap": null,
  "musical_onset_precision": null,
  "musical_onset_recall": null,
  "musical_onset_f1": null,
  "checkpoint": "C:\\Users\\Jonathan Wesely\\Clarity-OMR-Train-RADIO\\checkpoints\\full_radio_stage3_v2\\stage3-radio-systems-frozen-encoder_best.pt",
  "token_manifest": "C:\\Users\\Jonathan Wesely\\Clarity-OMR-Train-RADIO\\src\\data\\manifests\\token_manifest_full.jsonl",
  "split": "test",
  "samples_requested": 500,
  "samples_used": 500,
  "stage_b_inference": {
    "input_crops": 500,
    "predictions_written": 500,
    "output_predictions": "C:\\Users\\Jonathan Wesely\\Clarity-OMR-Train-RADIO\\src\\eval\\checkpoint_eval\\stageb_eval_predictions_raw.jsonl",
    "checkpoint": "C:\\Users\\Jonathan Wesely\\Clarity-OMR-Train-RADIO\\checkpoints\\full_radio_stage3_v2\\stage3-radio-systems-frozen-encoder_best.pt",
    "checkpoint_format": "dora_peft",
    "device": "cuda",
    "missing_keys": 0,
    "unexpected_keys": 8,
    "missing_key_sample": [],