{
  "sample_count": 500,
  "overall": {
    "ser": 0.13377917003103673,
    "pitch_accuracy": 0.8778358979758037,
    "rhythm_accuracy": 0.9408555906079555,
    "note_event_accuracy": 0.8727962865472753,
    "note_event_f1": 0.9027269863790592,
    "onset_accuracy": 0.8857808860780648,
    "onset_f1": 0.9182892125038611,
    "chord_note_f1": 0.9579871142041452,
    "accidental_accuracy": 0.9352495118305801,
    "measure_balance_rate": 0.7764477650428876,
    "metadata_presence_rate": 0.9993333333333334,
    "voice_assignment_accuracy": 0.9952862545035958,
    "key_time_accuracy": 0.954,
    "structural_f1": 0.9641561611308396,
    "quality": {
      "score": 80.52700635248432,
      "rating": "good",
      "is_good": true,
      "penalty_factor": 0.9,
      "base_score": 89.47445150276036,
      "score_components": {
        "ser_accuracy": 0.8662208299689633,
        "note_event_accuracy": 0.8727962865472753,
        "note_event_f1": 0.9027269863790592,
        "onset_accuracy": 0.8857808860780648,
        "onset_f1": 0.9182892125038611,
        "chord_note_f1": 0.9579871142041452,
        "accidental_accuracy": 0.9352495118305801,
        "measure_balance_rate": 0.7764477650428876,
        "metadata_presence_rate": 0.9993333333333334,
        "voice_assignment_accuracy": 0.9952862545035958,
        "pitch_accuracy": 0.8778358979758037,
        "rhythm_accuracy": 0.9408555906079555,
        "key_time_accuracy": 0.954,
        "structural_f1": 0.9641561611308396
      }
    }
  },
  "overall_quality": {
    "score": 80.52700635248432,
    "rating": "good",
    "is_good": true,
    "penalty_factor": 0.9,
    "base_score": 89.47445150276036,
    "score_components": {
      "ser_accuracy": 0.8662208299689633,
      "note_event_accuracy": 0.8727962865472753,
      "note_event_f1": 0.9027269863790592,
      "onset_accuracy": 0.8857808860780648,
      "onset_f1": 0.9182892125038611,
      "chord_note_f1": 0.9579871142041452,
      "accidental_accuracy": 0.9352495118305801,
      "measure_balance_rate": 0.7764477650428876,
      "metadata_presence_rate": 0.9993333333333334,
      "voice_assignment_accuracy": 0.9952862545035958,
      "pitch_accuracy": 0.8778358979758037,
      "rhythm_accuracy": 0.9408555906079555,
      "key_time_accuracy": 0.954,
      "structural_f1": 0.9641561611308396
    }
  },
  "by_dataset": {
    "grandstaff": {
      "ser": 0.0404412340414225,
      "pitch_accuracy": 0.925715790368107,
      "rhythm_accuracy": 0.9807764511534398,
      "note_event_accuracy": 0.9311259540595819,
      "note_event_f1": 0.9436199872217707,
      "onset_accuracy": 0.9724407126503354,
      "onset_f1": 0.9833630465691922,
      "chord_note_f1": 0.8900186235710608,
      "accidental_accuracy": 0.9663810755370015,
      "measure_balance_rate": 0.8903689969134996,
      "metadata_presence_rate": 1.0,
      "voice_assignment_accuracy": 0.9876603521036535,
      "key_time_accuracy": 0.9685863874345549,
      "structural_f1": 0.9923580776606656,
      "quality": {
        "score": 94.85569557717184,
        "rating": "excellent",
        "is_good": true,
        "penalty_factor": 1.0,
        "base_score": 94.85569557717184,
        "score_components": {
          "ser_accuracy": 0.9595587659585775,
          "note_event_accuracy": 0.9311259540595819,
          "note_event_f1": 0.9436199872217707,
          "onset_accuracy": 0.9724407126503354,
          "onset_f1": 0.9833630465691922,
          "chord_note_f1": 0.8900186235710608,
          "accidental_accuracy": 0.9663810755370015,
          "measure_balance_rate": 0.8903689969134996,
          "metadata_presence_rate": 1.0,
          "voice_assignment_accuracy": 0.9876603521036535,
          "pitch_accuracy": 0.925715790368107,
          "rhythm_accuracy": 0.9807764511534398,
          "key_time_accuracy": 0.9685863874345549,
          "structural_f1": 0.9923580776606656
        }
      }
    },
    "primus": {
      "ser": 0.2613420655930636,
      "pitch_accuracy": 0.7926929471003767,
      "rhythm_accuracy": 0.9025442173582697,
      "note_event_accuracy": 0.7761168010041135,
      "note_event_f1": 0.8225853032664326,
      "onset_accuracy": 0.8501154005896208,
      "onset_f1": 0.8908566545949885,
      "chord_note_f1": 1.0,
      "accidental_accuracy": 0.8833316566923437,
      "measure_balance_rate": 0.7211993299003103,
      "metadata_presence_rate": 1.0,
      "voice_assignment_accuracy": 1.0,
      "key_time_accuracy": 0.9477124183006536,
      "structural_f1": 0.9474724320198807,
      "quality": {
        "score": 74.32331943333486,
        "rating": "usable",
        "is_good": false,
        "penalty_factor": 0.9,
        "base_score": 82.58146603703872,
        "score_components": {
          "ser_accuracy": 0.7386579344069364,
          "note_event_accuracy": 0.7761168010041135,
          "note_event_f1": 0.8225853032664326,
          "onset_accuracy": 0.8501154005896208,
          "onset_f1": 0.8908566545949885,
          "chord_note_f1": 1.0,
          "accidental_accuracy": 0.8833316566923437,
          "measure_balance_rate": 0.7211993299003103,
          "metadata_presence_rate": 1.0,
          "voice_assignment_accuracy": 1.0,
          "pitch_accuracy": 0.7926929471003767,
          "rhythm_accuracy": 0.9025442173582697,
          "key_time_accuracy": 0.9477124183006536,
          "structural_f1": 0.9474724320198807
        }
      }
    },
    "cameraprimus": {
      "ser": 0.12294854665299952,
      "pitch_accuracy": 0.9027193084694601,
      "rhythm_accuracy": 0.929552742806766,
      "note_event_accuracy": 0.8962000993245394,
      "note_event_f1": 0.9312597707077387,
      "onset_accuracy": 0.8146577604654254,
      "onset_f1": 0.865520488488344,
      "chord_note_f1": 1.0,
      "accidental_accuracy": 0.9480527372679115,
      "measure_balance_rate": 0.6911532476680636,
      "metadata_presence_rate": 0.9978632478632478,
      "voice_assignment_accuracy": 1.0,
      "key_time_accuracy": 0.9423076923076923,
      "structural_f1": 0.9459897796999417,
      "quality": {
        "score": 80.68167457196216,
        "rating": "good",
        "is_good": true,
        "penalty_factor": 0.9,
        "base_score": 89.64630507995795,
        "score_components": {
          "ser_accuracy": 0.8770514533470005,
          "note_event_accuracy": 0.8962000993245394,
          "note_event_f1": 0.9312597707077387,
          "onset_accuracy": 0.8146577604654254,
          "onset_f1": 0.865520488488344,
          "chord_note_f1": 1.0,
          "accidental_accuracy": 0.9480527372679115,
          "measure_balance_rate": 0.6911532476680636,
          "metadata_presence_rate": 0.9978632478632478,
          "voice_assignment_accuracy": 1.0,
          "pitch_accuracy": 0.9027193084694601,
          "rhythm_accuracy": 0.929552742806766,
          "key_time_accuracy": 0.9423076923076923,
          "structural_f1": 0.9459897796999417
        }
      }
    }
  },
  "musicxml_validity_rate": 1.0,
  "musical_samples": 0,
  "musical_precision": null,
  "musical_recall": null,
  "musical_f1": null,
  "musical_overlap": null,
  "musical_onset_precision": null,
  "musical_onset_recall": null,
  "musical_onset_f1": null,
  "checkpoint": "C:\\Users\\Jonathan Wesely\\Clarity-OMR-Train-RADIO\\checkpoints\\full_radio_stage2_systems_v2\\stage2-radio-systems-polyphonic_best.pt",
  "token_manifest": "C:\\Users\\Jonathan Wesely\\Clarity-OMR-Train-RADIO\\src\\data\\manifests\\token_manifest_full.jsonl",
  "split": "test",
  "samples_requested": 500,
  "samples_used": 500,
  "stage_b_inference": {
    "input_crops": 500,
    "predictions_written": 500,
    "output_predictions": "C:\\Users\\Jonathan Wesely\\Clarity-OMR-Train-RADIO\\src\\eval\\checkpoint_eval\\stageb_eval_predictions_raw.jsonl",
    "checkpoint": "C:\\Users\\Jonathan Wesely\\Clarity-OMR-Train-RADIO\\checkpoints\\full_radio_stage2_systems_v2\\stage2-radio-systems-polyphonic_best.pt",
    "checkpoint_format": "dora_peft",
    "device": "cuda",