{
  "sample_count": 500,
  "overall": {
    "ser": 0.05349519173102518,
    "pitch_accuracy": 0.9393180084102917,
    "rhythm_accuracy": 0.9604361003810636,
    "note_event_accuracy": 0.9325786674249303,
    "note_event_f1": 0.9493694960203262,
    "onset_accuracy": 0.8996653706164566,
    "onset_f1": 0.926986593196987,
    "chord_note_f1": 0.9849477503670443,
    "accidental_accuracy": 0.9627651828162055,
    "measure_balance_rate": 0.7478650142845379,
    "metadata_presence_rate": 1.0,
    "voice_assignment_accuracy": 0.9977127339383535,
    "key_time_accuracy": 0.98,
    "structural_f1": 0.9747486553025911,
    "quality": {
      "score": 84.36107001974756,
      "rating": "good",
      "is_good": true,
      "penalty_factor": 0.9,
      "base_score": 93.73452224416395,
      "score_components": {
        "ser_accuracy": 0.9465048082689749,
        "note_event_accuracy": 0.9325786674249303,
        "note_event_f1": 0.9493694960203262,
        "onset_accuracy": 0.8996653706164566,
        "onset_f1": 0.926986593196987,
        "chord_note_f1": 0.9849477503670443,
        "accidental_accuracy": 0.9627651828162055,
        "measure_balance_rate": 0.7478650142845379,
        "metadata_presence_rate": 1.0,
        "voice_assignment_accuracy": 0.9977127339383535,
        "pitch_accuracy": 0.9393180084102917,
        "rhythm_accuracy": 0.9604361003810636,
        "key_time_accuracy": 0.98,
        "structural_f1": 0.9747486553025911
      }
    }
  },
  "overall_quality": {
    "score": 84.36107001974756,
    "rating": "good",
    "is_good": true,
    "penalty_factor": 0.9,
    "base_score": 93.73452224416395,
    "score_components": {
      "ser_accuracy": 0.9465048082689749,
      "note_event_accuracy": 0.9325786674249303,
      "note_event_f1": 0.9493694960203262,
      "onset_accuracy": 0.8996653706164566,
      "onset_f1": 0.926986593196987,
      "chord_note_f1": 0.9849477503670443,
      "accidental_accuracy": 0.9627651828162055,
      "measure_balance_rate": 0.7478650142845379,
      "metadata_presence_rate": 1.0,
      "voice_assignment_accuracy": 0.9977127339383535,
      "pitch_accuracy": 0.9393180084102917,
      "rhythm_accuracy": 0.9604361003810636,
      "key_time_accuracy": 0.98,
      "structural_f1": 0.9747486553025911
    }
  },
  "by_dataset": {
    "cameraprimus_systems": {
      "ser": 0.08429835925057293,
      "pitch_accuracy": 0.9168744317172829,
      "rhythm_accuracy": 0.9427343423454294,
      "note_event_accuracy": 0.9077664509518342,
      "note_event_f1": 0.9314164891073871,
      "onset_accuracy": 0.8552061076818837,
      "onset_f1": 0.8926880316276687,
      "chord_note_f1": 1.0,
      "accidental_accuracy": 0.9444456878811202,
      "measure_balance_rate": 0.7142586022291214,
      "metadata_presence_rate": 1.0,
      "voice_assignment_accuracy": 1.0,
      "key_time_accuracy": 0.9740932642487047,
      "structural_f1": 0.9585422215553344,
      "quality": {
        "score": 82.28721556394632,
        "rating": "good",
        "is_good": true,
        "penalty_factor": 0.9,
        "base_score": 91.43023951549591,
        "score_components": {
          "ser_accuracy": 0.9157016407494271,
          "note_event_accuracy": 0.9077664509518342,
          "note_event_f1": 0.9314164891073871,
          "onset_accuracy": 0.8552061076818837,
          "onset_f1": 0.8926880316276687,
          "chord_note_f1": 1.0,
          "accidental_accuracy": 0.9444456878811202,
          "measure_balance_rate": 0.7142586022291214,
          "metadata_presence_rate": 1.0,
          "voice_assignment_accuracy": 1.0,
          "pitch_accuracy": 0.9168744317172829,
          "rhythm_accuracy": 0.9427343423454294,
          "key_time_accuracy": 0.9740932642487047,
          "structural_f1": 0.9585422215553344
        }
      }
    },
    "primus_systems": {
      "ser": 0.03854304041448968,
      "pitch_accuracy": 0.9533654061888205,
      "rhythm_accuracy": 0.9646423179364036,
      "note_event_accuracy": 0.9451765600193962,
      "note_event_f1": 0.9602742168285467,
      "onset_accuracy": 0.9016706004551278,
      "onset_f1": 0.9285971004556368,
      "chord_note_f1": 1.0,
      "accidental_accuracy": 0.972523434847234,
      "measure_balance_rate": 0.7070208818009405,
      "metadata_presence_rate": 1.0,
      "voice_assignment_accuracy": 1.0,
      "key_time_accuracy": 0.9848484848484849,
      "structural_f1": 0.9806904549551615,
      "quality": {
        "score": 85.102247202552,
        "rating": "good",
        "is_good": true,
        "penalty_factor": 0.9,
        "base_score": 94.55805244727999,
        "score_components": {
          "ser_accuracy": 0.9614569595855104,
          "note_event_accuracy": 0.9451765600193962,
          "note_event_f1": 0.9602742168285467,
          "onset_accuracy": 0.9016706004551278,
          "onset_f1": 0.9285971004556368,
          "chord_note_f1": 1.0,
          "accidental_accuracy": 0.972523434847234,
          "measure_balance_rate": 0.7070208818009405,
          "metadata_presence_rate": 1.0,
          "voice_assignment_accuracy": 1.0,
          "pitch_accuracy": 0.9533654061888205,
          "rhythm_accuracy": 0.9646423179364036,
          "key_time_accuracy": 0.9848484848484849,
          "structural_f1": 0.9806904549551615
        }
      }
    },
    "grandstaff_systems": {
      "ser": 0.02611459200076198,
      "pitch_accuracy": 0.9535402610855391,
      "rhythm_accuracy": 0.9841389281326245,
      "note_event_accuracy": 0.9536279797699148,
      "note_event_f1": 0.9613492722971113,
      "onset_accuracy": 0.9747442902340313,
      "onset_f1": 0.9847915651755716,
      "chord_note_f1": 0.9309529833350654,
      "accidental_accuracy": 0.9774764545623326,
      "measure_balance_rate": 0.8815638744537827,
      "metadata_presence_rate": 1.0,
      "voice_assignment_accuracy": 0.9895079538456583,
      "key_time_accuracy": 0.981651376146789,
      "structural_f1": 0.9926510899999458,
      "quality": {
        "score": 96.31862854155807,
        "rating": "excellent",
        "is_good": true,
        "penalty_factor": 1.0,
        "base_score": 96.31862854155807,
        "score_components": {
          "ser_accuracy": 0.9738854079992381,
          "note_event_accuracy": 0.9536279797699148,
          "note_event_f1": 0.9613492722971113,
          "onset_accuracy": 0.9747442902340313,
          "onset_f1": 0.9847915651755716,
          "chord_note_f1": 0.9309529833350654,
          "accidental_accuracy": 0.9774764545623326,
          "measure_balance_rate": 0.8815638744537827,
          "metadata_presence_rate": 1.0,
          "voice_assignment_accuracy": 0.9895079538456583,
          "pitch_accuracy": 0.9535402610855391,
          "rhythm_accuracy": 0.9841389281326245,
          "key_time_accuracy": 0.981651376146789,
          "structural_f1": 0.9926510899999458
        }
      }
    }
  },
  "musicxml_validity_rate": 1.0,
  "musical_samples": 0,
  "musical_precision": null,
  "musical_recall": null,
  "musical_f1": null,
  "musical_overlap": null,
  "musical_onset_precision": null,
  "musical_onset_recall": null,
  "musical_onset_f1": null,
  "checkpoint": "C:\\Users\\Jonathan Wesely\\Clarity-OMR-Train-RADIO\\checkpoints\\full_radio_stage3_v2\\stage3-radio-systems-frozen-encoder_best.pt",
  "token_manifest": "C:\\Users\\Jonathan Wesely\\Clarity-OMR-Train-RADIO\\src\\data\\manifests\\token_manifest_stage3.jsonl",
  "split": "test",
  "samples_requested": 500,
  "samples_used": 500,
  "stage_b_inference": {
    "input_crops": 500,
    "predictions_written": 500,
    "output_predictions": "C:\\Users\\Jonathan Wesely\\Clarity-OMR-Train-RADIO\\src\\eval\\checkpoint_eval\\stageb_eval_predictions_raw.jsonl",
    "checkpoint": "C:\\Users\\Jonathan Wesely\\Clarity-OMR-Train-RADIO\\checkpoints\\full_radio_stage3_v2\\stage3-radio-systems-frozen-encoder_best.pt",
    "checkpoint_format": "dora_peft",
    "device": "cuda",
    "missing_keys": 0,
    "unexpected_keys": 8,
    "missing_key_sample": [],